7ndq,seq_n1,111,S,Y,D
7ndq,seq_n1,112,F,E,D
7ndq,seq_n1,134,G,F,D
7ndq,seq_n1,110,L,E,E
7ndq,seq_n1,111,G,G,E
7ndq,seq_n1,112,R,R,E
7ndq,seq_n1,134,E,M,E
7ndq,seq_n1,135,Y,S,E
7ndq,seq_n2,111,S,S,D
7ndq,seq_n2,112,F,D,D
7ndq,seq_n2,134,G,H,D
7ndq,seq_n2,110,L,A,E
7ndq,seq_n2,111,G,G,E
7ndq,seq_n2,112,R,P,E
7ndq,seq_n2,134,E,N,E
7ndq,seq_n2,135,Y,D,E
7ndq,seq_n3,111,S,Y,D
7ndq,seq_n3,112,F,S,D
7ndq,seq_n3,134,G,Q,D
7ndq,seq_n3,110,L,Q,E
7ndq,seq_n3,111,G,G,E
7ndq,seq_n3,112,R,G,E
7ndq,seq_n3,134,E,H,E
7ndq,seq_n3,135,Y,K,E
7ndq,seq_n4,111,S,A,D
7ndq,seq_n4,112,F,F,D
7ndq,seq_n4,134,G,Q,D
7ndq,seq_n4,110,L,I,E
7ndq,seq_n4,111,G,G,E
7ndq,seq_n4,112,R,W,E
7ndq,seq_n4,134,E,H,E
7ndq,seq_n4,135,Y,L,E
7ndq,seq_n5,111,S,V,D
7ndq,seq_n5,112,F,S,D
7ndq,seq_n5,134,G,Q,D
7ndq,seq_n5,110,L,F,E
7ndq,seq_n5,111,G,G,E
7ndq,seq_n5,112,R,Y,E
7ndq,seq_n5,134,E,R,E
7ndq,seq_n5,135,Y,N,E
7ndq,seq_n6,111,S,P,D
7ndq,seq_n6,112,F,D,D
7ndq,seq_n6,134,G,A,D
7ndq,seq_n6,110,L,N,E
7ndq,seq_n6,111,G,G,E
7ndq,seq_n6,112,R,R,E
7ndq,seq_n6,134,E,F,E
7ndq,seq_n6,135,Y,N,E
7ndq,seq_n7,111,S,D,D
7ndq,seq_n7,112,F,V,D
7ndq,seq_n7,134,G,E,D
7ndq,seq_n7,110,L,T,E
7ndq,seq_n7,111,G,G,E
7ndq,seq_n7,112,R,R,E
7ndq,seq_n7,134,E,S,E
7ndq,seq_n7,135,Y,N,E
7ndq,seq_n8,111,S,P,D
7ndq,seq_n8,112,F,E,D
7ndq,seq_n8,134,G,G,D
7ndq,seq_n8,110,L,V,E
7ndq,seq_n8,111,G,G,E
7ndq,seq_n8,112,R,P,E
7ndq,seq_n8,134,E,Y,E
7ndq,seq_n8,135,Y,A,E
7ndq,seq_n9,111,S,Y,D
7ndq,seq_n9,112,F,G,D
7ndq,seq_n9,134,G,G,D
7ndq,seq_n9,110,L,K,E
7ndq,seq_n9,111,G,G,E
7ndq,seq_n9,112,R,P,E
7ndq,seq_n9,134,E,Y,E
7ndq,seq_n9,135,Y,K,E
7ndq,seq_n10,111,S,D,D
7ndq,seq_n10,112,F,Y,D
7ndq,seq_n10,134,G,G,D
7ndq,seq_n10,110,L,A,E
7ndq,seq_n10,111,G,G,E
7ndq,seq_n10,112,R,Y,E
7ndq,seq_n10,134,E,H,E
7ndq,seq_n10,135,Y,K,E
