7nmg,seq_n1,108,E,E,D
7nmg,seq_n1,109,P,P,D
7nmg,seq_n1,110,S,H,D
7nmg,seq_n1,111,G,G,D
7nmg,seq_n1,112,N,V,D
7nmg,seq_n1,134,T,Y,D
7nmg,seq_n1,135,G,G,D
7nmg,seq_n1,110,L,G,E
7nmg,seq_n1,111,H,Y,E
7nmg,seq_n1,135,H,H,E
7nmg,seq_n1,136,E,D,E
7nmg,seq_n2,108,E,E,D
7nmg,seq_n2,109,P,T,D
7nmg,seq_n2,110,S,Y,D
7nmg,seq_n2,111,G,G,D
7nmg,seq_n2,112,N,D,D
7nmg,seq_n2,134,T,T,D
7nmg,seq_n2,135,G,D,D
7nmg,seq_n2,110,L,L,E
7nmg,seq_n2,111,H,D,E
7nmg,seq_n2,135,H,V,E
7nmg,seq_n2,136,E,R,E
7nmg,seq_n3,108,E,E,D
7nmg,seq_n3,109,P,H,D
7nmg,seq_n3,110,S,I,D
7nmg,seq_n3,111,G,G,D
7nmg,seq_n3,112,N,F,D
7nmg,seq_n3,134,T,G,D
7nmg,seq_n3,135,G,T,D
7nmg,seq_n3,110,L,L,E
7nmg,seq_n3,111,H,Y,E
7nmg,seq_n3,135,H,H,E
7nmg,seq_n3,136,E,D,E
7nmg,seq_n4,108,E,E,D
7nmg,seq_n4,109,P,P,D
7nmg,seq_n4,110,S,Y,D
7nmg,seq_n4,111,G,L,D
7nmg,seq_n4,112,N,E,D
7nmg,seq_n4,134,T,Q,D
7nmg,seq_n4,135,G,S,D
7nmg,seq_n4,110,L,K,E
7nmg,seq_n4,111,H,D,E
7nmg,seq_n4,135,H,H,E
7nmg,seq_n4,136,E,E,E
7nmg,seq_n5,108,E,E,D
7nmg,seq_n5,109,P,E,D
7nmg,seq_n5,110,S,M,D
7nmg,seq_n5,111,G,G,D
7nmg,seq_n5,112,N,T,D
7nmg,seq_n5,134,T,G,D
7nmg,seq_n5,135,G,S,D
7nmg,seq_n5,110,L,L,E
7nmg,seq_n5,111,H,D,E
7nmg,seq_n5,135,H,H,E
7nmg,seq_n5,136,E,Q,E
7nmg,seq_n6,108,E,E,D
7nmg,seq_n6,109,P,P,D
7nmg,seq_n6,110,S,V,D
7nmg,seq_n6,111,G,G,D
7nmg,seq_n6,112,N,N,D
7nmg,seq_n6,134,T,T,D
7nmg,seq_n6,135,G,E,D
7nmg,seq_n6,110,L,L,E
7nmg,seq_n6,111,H,Y,E
7nmg,seq_n6,135,H,S,E
7nmg,seq_n6,136,E,W,E
7nmg,seq_n7,108,E,E,D
7nmg,seq_n7,109,P,G,D
7nmg,seq_n7,110,S,I,D
7nmg,seq_n7,111,G,G,D
7nmg,seq_n7,112,N,D,D
7nmg,seq_n7,134,T,F,D
7nmg,seq_n7,135,G,H,D
7nmg,seq_n7,110,L,L,E
7nmg,seq_n7,111,H,D,E
7nmg,seq_n7,135,H,T,E
7nmg,seq_n7,136,E,L,E
7nmg,seq_n8,108,E,E,D
7nmg,seq_n8,109,P,E,D
7nmg,seq_n8,110,S,F,D
7nmg,seq_n8,111,G,K,D
7nmg,seq_n8,112,N,N,D
7nmg,seq_n8,134,T,T,D
7nmg,seq_n8,135,G,Y,D
7nmg,seq_n8,110,L,G,E
7nmg,seq_n8,111,H,H,E
7nmg,seq_n8,135,H,Q,E
7nmg,seq_n8,136,E,E,E
7nmg,seq_n9,108,E,E,D
7nmg,seq_n9,109,P,P,D
7nmg,seq_n9,110,S,V,D
7nmg,seq_n9,111,G,G,D
7nmg,seq_n9,112,N,D,D
7nmg,seq_n9,134,T,G,D
7nmg,seq_n9,135,G,D,D
7nmg,seq_n9,110,L,K,E
7nmg,seq_n9,111,H,H,E
7nmg,seq_n9,135,H,S,E
7nmg,seq_n9,136,E,H,E
7nmg,seq_n10,108,E,E,D
7nmg,seq_n10,109,P,E,D
7nmg,seq_n10,110,S,D,D
7nmg,seq_n10,111,G,G,D
7nmg,seq_n10,112,N,Y,D
7nmg,seq_n10,134,T,T,D
7nmg,seq_n10,135,G,A,D
7nmg,seq_n10,110,L,G,E
7nmg,seq_n10,111,H,Y,E
7nmg,seq_n10,135,H,I,E
7nmg,seq_n10,136,E,F,E
