7qpj,seq_n1,109,R,R,D
7qpj,seq_n1,110,G,G,D
7qpj,seq_n1,111,T,A,D
7qpj,seq_n1,112,G,G,D
7qpj,seq_n1,134,R,A,D
7qpj,seq_n1,135,R,D,D
7qpj,seq_n1,136,A,Y,D
7qpj,seq_n1,109,S,S,E
7qpj,seq_n1,110,F,I,E
7qpj,seq_n1,111,A,A,E
7qpj,seq_n1,135,T,N,E
7qpj,seq_n1,136,E,E,E
7qpj,seq_n2,109,R,R,D
7qpj,seq_n2,110,G,G,D
7qpj,seq_n2,111,T,A,D
7qpj,seq_n2,112,G,G,D
7qpj,seq_n2,134,R,D,D
7qpj,seq_n2,135,R,D,D
7qpj,seq_n2,136,A,Y,D
7qpj,seq_n2,109,S,S,E
7qpj,seq_n2,110,F,K,E
7qpj,seq_n2,111,A,A,E
7qpj,seq_n2,135,T,N,E
7qpj,seq_n2,136,E,E,E
7qpj,seq_n3,109,R,R,D
7qpj,seq_n3,110,G,G,D
7qpj,seq_n3,111,T,A,D
7qpj,seq_n3,112,G,G,D
7qpj,seq_n3,134,R,A,D
7qpj,seq_n3,135,R,Q,D
7qpj,seq_n3,136,A,Y,D
7qpj,seq_n3,109,S,S,E
7qpj,seq_n3,110,F,K,E
7qpj,seq_n3,111,A,A,E
7qpj,seq_n3,135,T,N,E
7qpj,seq_n3,136,E,E,E
7qpj,seq_n4,109,R,R,D
7qpj,seq_n4,110,G,G,D
7qpj,seq_n4,111,T,A,D
7qpj,seq_n4,112,G,G,D
7qpj,seq_n4,134,R,A,D
7qpj,seq_n4,135,R,E,D
7qpj,seq_n4,136,A,Y,D
7qpj,seq_n4,109,S,S,E
7qpj,seq_n4,110,F,I,E
7qpj,seq_n4,111,A,A,E
7qpj,seq_n4,135,T,N,E
7qpj,seq_n4,136,E,E,E
7qpj,seq_n5,109,R,R,D
7qpj,seq_n5,110,G,G,D
7qpj,seq_n5,111,T,A,D
7qpj,seq_n5,112,G,G,D
7qpj,seq_n5,134,R,A,D
7qpj,seq_n5,135,R,Q,D
7qpj,seq_n5,136,A,Y,D
7qpj,seq_n5,109,S,S,E
7qpj,seq_n5,110,F,K,E
7qpj,seq_n5,111,A,A,E
7qpj,seq_n5,135,T,N,E
7qpj,seq_n5,136,E,E,E
7qpj,seq_n6,109,R,R,D
7qpj,seq_n6,110,G,G,D
7qpj,seq_n6,111,T,A,D
7qpj,seq_n6,112,G,G,D
7qpj,seq_n6,134,R,A,D
7qpj,seq_n6,135,R,Q,D
7qpj,seq_n6,136,A,Y,D
7qpj,seq_n6,109,S,S,E
7qpj,seq_n6,110,F,I,E
7qpj,seq_n6,111,A,A,E
7qpj,seq_n6,135,T,N,E
7qpj,seq_n6,136,E,E,E
7qpj,seq_n7,109,R,R,D
7qpj,seq_n7,110,G,G,D
7qpj,seq_n7,111,T,A,D
7qpj,seq_n7,112,G,G,D
7qpj,seq_n7,134,R,A,D
7qpj,seq_n7,135,R,Q,D
7qpj,seq_n7,136,A,Y,D
7qpj,seq_n7,109,S,S,E
7qpj,seq_n7,110,F,I,E
7qpj,seq_n7,111,A,A,E
7qpj,seq_n7,135,T,N,E
7qpj,seq_n7,136,E,E,E
7qpj,seq_n8,109,R,R,D
7qpj,seq_n8,110,G,G,D
7qpj,seq_n8,111,T,A,D
7qpj,seq_n8,112,G,G,D
7qpj,seq_n8,134,R,A,D
7qpj,seq_n8,135,R,D,D
7qpj,seq_n8,136,A,Y,D
7qpj,seq_n8,109,S,S,E
7qpj,seq_n8,110,F,V,E
7qpj,seq_n8,111,A,A,E
7qpj,seq_n8,135,T,N,E
7qpj,seq_n8,136,E,E,E
7qpj,seq_n9,109,R,R,D
7qpj,seq_n9,110,G,G,D
7qpj,seq_n9,111,T,A,D
7qpj,seq_n9,112,G,G,D
7qpj,seq_n9,134,R,A,D
7qpj,seq_n9,135,R,D,D
7qpj,seq_n9,136,A,Y,D
7qpj,seq_n9,109,S,S,E
7qpj,seq_n9,110,F,I,E
7qpj,seq_n9,111,A,A,E
7qpj,seq_n9,135,T,N,E
7qpj,seq_n9,136,E,E,E
7qpj,seq_n10,109,R,R,D
7qpj,seq_n10,110,G,G,D
7qpj,seq_n10,111,T,A,D
7qpj,seq_n10,112,G,G,D
7qpj,seq_n10,134,R,A,D
7qpj,seq_n10,135,R,D,D
7qpj,seq_n10,136,A,Y,D
7qpj,seq_n10,109,S,S,E
7qpj,seq_n10,110,F,I,E
7qpj,seq_n10,111,A,A,E
7qpj,seq_n10,135,T,N,E
7qpj,seq_n10,136,E,E,E
