7t2b,seq_n1,110,K,V,D
7t2b,seq_n1,111,K,V,D
7t2b,seq_n1,112,G,G,D
7t2b,seq_n1,113,G,G,D
7t2b,seq_n1,133,A,G,D
7t2b,seq_n1,134,T,E,D
7t2b,seq_n1,135,N,E,D
7t2b,seq_n1,110,Q,E,E
7t2b,seq_n1,111,G,G,E
7t2b,seq_n1,112,G,G,E
7t2b,seq_n1,135,G,G,E
7t2b,seq_n1,138,Y,I,E
7t2b,seq_n2,110,K,V,D
7t2b,seq_n2,111,K,V,D
7t2b,seq_n2,112,G,G,D
7t2b,seq_n2,113,G,G,D
7t2b,seq_n2,133,A,G,D
7t2b,seq_n2,134,T,E,D
7t2b,seq_n2,135,N,D,D
7t2b,seq_n2,110,Q,E,E
7t2b,seq_n2,111,G,G,E
7t2b,seq_n2,112,G,G,E
7t2b,seq_n2,135,G,G,E
7t2b,seq_n2,138,Y,I,E
7t2b,seq_n3,110,K,V,D
7t2b,seq_n3,111,K,V,D
7t2b,seq_n3,112,G,G,D
7t2b,seq_n3,113,G,G,D
7t2b,seq_n3,133,A,G,D
7t2b,seq_n3,134,T,E,D
7t2b,seq_n3,135,N,E,D
7t2b,seq_n3,110,Q,E,E
7t2b,seq_n3,111,G,G,E
7t2b,seq_n3,112,G,G,E
7t2b,seq_n3,135,G,G,E
7t2b,seq_n3,138,Y,I,E
7t2b,seq_n4,110,K,V,D
7t2b,seq_n4,111,K,V,D
7t2b,seq_n4,112,G,G,D
7t2b,seq_n4,113,G,G,D
7t2b,seq_n4,133,A,G,D
7t2b,seq_n4,134,T,E,D
7t2b,seq_n4,135,N,E,D
7t2b,seq_n4,110,Q,E,E
7t2b,seq_n4,111,G,G,E
7t2b,seq_n4,112,G,G,E
7t2b,seq_n4,135,G,G,E
7t2b,seq_n4,138,Y,I,E
7t2b,seq_n5,110,K,V,D
7t2b,seq_n5,111,K,V,D
7t2b,seq_n5,112,G,G,D
7t2b,seq_n5,113,G,G,D
7t2b,seq_n5,133,A,G,D
7t2b,seq_n5,134,T,E,D
7t2b,seq_n5,135,N,D,D
7t2b,seq_n5,110,Q,E,E
7t2b,seq_n5,111,G,G,E
7t2b,seq_n5,112,G,G,E
7t2b,seq_n5,135,G,G,E
7t2b,seq_n5,138,Y,I,E
7t2b,seq_n6,110,K,K,D
7t2b,seq_n6,111,K,V,D
7t2b,seq_n6,112,G,G,D
7t2b,seq_n6,113,G,G,D
7t2b,seq_n6,133,A,G,D
7t2b,seq_n6,134,T,E,D
7t2b,seq_n6,135,N,D,D
7t2b,seq_n6,110,Q,E,E
7t2b,seq_n6,111,G,G,E
7t2b,seq_n6,112,G,G,E
7t2b,seq_n6,135,G,G,E
7t2b,seq_n6,138,Y,I,E
7t2b,seq_n7,110,K,V,D
7t2b,seq_n7,111,K,V,D
7t2b,seq_n7,112,G,G,D
7t2b,seq_n7,113,G,G,D
7t2b,seq_n7,133,A,G,D
7t2b,seq_n7,134,T,E,D
7t2b,seq_n7,135,N,E,D
7t2b,seq_n7,110,Q,E,E
7t2b,seq_n7,111,G,G,E
7t2b,seq_n7,112,G,G,E
7t2b,seq_n7,135,G,G,E
7t2b,seq_n7,138,Y,I,E
7t2b,seq_n8,110,K,V,D
7t2b,seq_n8,111,K,V,D
7t2b,seq_n8,112,G,G,D
7t2b,seq_n8,113,G,G,D
7t2b,seq_n8,133,A,G,D
7t2b,seq_n8,134,T,E,D
7t2b,seq_n8,135,N,D,D
7t2b,seq_n8,110,Q,E,E
7t2b,seq_n8,111,G,G,E
7t2b,seq_n8,112,G,G,E
7t2b,seq_n8,135,G,G,E
7t2b,seq_n8,138,Y,I,E
7t2b,seq_n9,110,K,V,D
7t2b,seq_n9,111,K,V,D
7t2b,seq_n9,112,G,G,D
7t2b,seq_n9,113,G,G,D
7t2b,seq_n9,133,A,G,D
7t2b,seq_n9,134,T,E,D
7t2b,seq_n9,135,N,D,D
7t2b,seq_n9,110,Q,E,E
7t2b,seq_n9,111,G,G,E
7t2b,seq_n9,112,G,G,E
7t2b,seq_n9,135,G,G,E
7t2b,seq_n9,138,Y,I,E
7t2b,seq_n10,110,K,K,D
7t2b,seq_n10,111,K,V,D
7t2b,seq_n10,112,G,G,D
7t2b,seq_n10,113,G,G,D
7t2b,seq_n10,133,A,G,D
7t2b,seq_n10,134,T,E,D
7t2b,seq_n10,135,N,E,D
7t2b,seq_n10,110,Q,E,E
7t2b,seq_n10,111,G,G,E
7t2b,seq_n10,112,G,G,E
7t2b,seq_n10,135,G,G,E
7t2b,seq_n10,138,Y,I,E
