7z50,seq_n1,110,V,V,D
7z50,seq_n1,111,R,R,D
7z50,seq_n1,112,N,D,D
7z50,seq_n1,135,Y,F,D
7z50,seq_n1,110,R,S,E
7z50,seq_n1,111,Q,R,E
7z50,seq_n1,112,G,V,E
7z50,seq_n1,134,Q,N,E
7z50,seq_n1,135,N,D,E
7z50,seq_n2,110,V,V,D
7z50,seq_n2,111,R,D,D
7z50,seq_n2,112,N,N,D
7z50,seq_n2,135,Y,A,D
7z50,seq_n2,110,R,S,E
7z50,seq_n2,111,Q,R,E
7z50,seq_n2,112,G,V,E
7z50,seq_n2,134,Q,N,E
7z50,seq_n2,135,N,D,E
7z50,seq_n3,110,V,T,D
7z50,seq_n3,111,R,S,D
7z50,seq_n3,112,N,N,D
7z50,seq_n3,135,Y,F,D
7z50,seq_n3,110,R,G,E
7z50,seq_n3,111,Q,R,E
7z50,seq_n3,112,G,H,E
7z50,seq_n3,134,Q,M,E
7z50,seq_n3,135,N,Q,E
7z50,seq_n4,110,V,V,D
7z50,seq_n4,111,R,E,D
7z50,seq_n4,112,N,D,D
7z50,seq_n4,135,Y,Y,D
7z50,seq_n4,110,R,F,E
7z50,seq_n4,111,Q,A,E
7z50,seq_n4,112,G,V,E
7z50,seq_n4,134,Q,N,E
7z50,seq_n4,135,N,E,E
7z50,seq_n5,110,V,V,D
7z50,seq_n5,111,R,Q,D
7z50,seq_n5,112,N,D,D
7z50,seq_n5,135,Y,W,D
7z50,seq_n5,110,R,D,E
7z50,seq_n5,111,Q,R,E
7z50,seq_n5,112,G,V,E
7z50,seq_n5,134,Q,D,E
7z50,seq_n5,135,N,A,E
7z50,seq_n6,110,V,T,D
7z50,seq_n6,111,R,S,D
7z50,seq_n6,112,N,N,D
7z50,seq_n6,135,Y,Y,D
7z50,seq_n6,110,R,D,E
7z50,seq_n6,111,Q,E,E
7z50,seq_n6,112,G,V,E
7z50,seq_n6,134,Q,D,E
7z50,seq_n6,135,N,S,E
7z50,seq_n7,110,V,V,D
7z50,seq_n7,111,R,D,D
7z50,seq_n7,112,N,N,D
7z50,seq_n7,135,Y,F,D
7z50,seq_n7,110,R,D,E
7z50,seq_n7,111,Q,T,E
7z50,seq_n7,112,G,N,E
7z50,seq_n7,134,Q,Q,E
7z50,seq_n7,135,N,H,E
7z50,seq_n8,110,V,V,D
7z50,seq_n8,111,R,S,D
7z50,seq_n8,112,N,D,D
7z50,seq_n8,135,Y,Y,D
7z50,seq_n8,110,R,A,E
7z50,seq_n8,111,Q,Q,E
7z50,seq_n8,112,G,A,E
7z50,seq_n8,134,Q,N,E
7z50,seq_n8,135,N,D,E
7z50,seq_n9,110,V,V,D
7z50,seq_n9,111,R,D,D
7z50,seq_n9,112,N,D,D
7z50,seq_n9,135,Y,H,D
7z50,seq_n9,110,R,S,E
7z50,seq_n9,111,Q,K,E
7z50,seq_n9,112,G,V,E
7z50,seq_n9,134,Q,K,E
7z50,seq_n9,135,N,A,E
7z50,seq_n10,110,V,V,D
7z50,seq_n10,111,R,C,D
7z50,seq_n10,112,N,D,D
7z50,seq_n10,135,Y,F,D
7z50,seq_n10,110,R,D,E
7z50,seq_n10,111,Q,R,E
7z50,seq_n10,112,G,I,E
7z50,seq_n10,134,Q,L,E
7z50,seq_n10,135,N,D,E
