8gvb,seq_n1,111,T,I,D
8gvb,seq_n1,112,G,G,D
8gvb,seq_n1,113,G,T,D
8gvb,seq_n1,134,G,G,D
8gvb,seq_n1,135,N,D,D
8gvb,seq_n1,136,K,R,D
8gvb,seq_n1,111,R,Q,E
8gvb,seq_n1,112,D,N,E
8gvb,seq_n1,113,R,D,E
8gvb,seq_n1,133,V,I,E
8gvb,seq_n2,111,T,Q,D
8gvb,seq_n2,112,G,G,D
8gvb,seq_n2,113,G,E,D
8gvb,seq_n2,134,G,G,D
8gvb,seq_n2,135,N,N,D
8gvb,seq_n2,136,K,K,D
8gvb,seq_n2,111,R,L,E
8gvb,seq_n2,112,D,Q,E
8gvb,seq_n2,113,R,D,E
8gvb,seq_n2,133,V,P,E
8gvb,seq_n3,111,T,L,D
8gvb,seq_n3,112,G,N,D
8gvb,seq_n3,113,G,N,D
8gvb,seq_n3,134,G,G,D
8gvb,seq_n3,135,N,F,D
8gvb,seq_n3,136,K,N,D
8gvb,seq_n3,111,R,A,E
8gvb,seq_n3,112,D,D,E
8gvb,seq_n3,113,R,D,E
8gvb,seq_n3,133,V,A,E
8gvb,seq_n4,111,T,Y,D
8gvb,seq_n4,112,G,G,D
8gvb,seq_n4,113,G,A,D
8gvb,seq_n4,134,G,G,D
8gvb,seq_n4,135,N,N,D
8gvb,seq_n4,136,K,E,D
8gvb,seq_n4,111,R,Y,E
8gvb,seq_n4,112,D,N,E
8gvb,seq_n4,113,R,A,E
8gvb,seq_n4,133,V,A,E
8gvb,seq_n5,111,T,R,D
8gvb,seq_n5,112,G,S,D
8gvb,seq_n5,113,G,S,D
8gvb,seq_n5,134,G,G,D
8gvb,seq_n5,135,N,T,D
8gvb,seq_n5,136,K,K,D
8gvb,seq_n5,111,R,I,E
8gvb,seq_n5,112,D,E,E
8gvb,seq_n5,113,R,A,E
8gvb,seq_n5,133,V,R,E
8gvb,seq_n6,111,T,A,D
8gvb,seq_n6,112,G,D,D
8gvb,seq_n6,113,G,M,D
8gvb,seq_n6,134,G,G,D
8gvb,seq_n6,135,N,Q,D
8gvb,seq_n6,136,K,Q,D
8gvb,seq_n6,111,R,N,E
8gvb,seq_n6,112,D,S,E
8gvb,seq_n6,113,R,S,E
8gvb,seq_n6,133,V,L,E
8gvb,seq_n7,111,T,T,D
8gvb,seq_n7,112,G,D,D
8gvb,seq_n7,113,G,Q,D
8gvb,seq_n7,134,G,G,D
8gvb,seq_n7,135,N,T,D
8gvb,seq_n7,136,K,A,D
8gvb,seq_n7,111,R,T,E
8gvb,seq_n7,112,D,F,E
8gvb,seq_n7,113,R,D,E
8gvb,seq_n7,133,V,I,E
8gvb,seq_n8,111,T,R,D
8gvb,seq_n8,112,G,G,D
8gvb,seq_n8,113,G,N,D
8gvb,seq_n8,134,G,G,D
8gvb,seq_n8,135,N,L,D
8gvb,seq_n8,136,K,D,D
8gvb,seq_n8,111,R,I,E
8gvb,seq_n8,112,D,D,E
8gvb,seq_n8,113,R,S,E
8gvb,seq_n8,133,V,A,E
8gvb,seq_n9,111,T,T,D
8gvb,seq_n9,112,G,G,D
8gvb,seq_n9,113,G,D,D
8gvb,seq_n9,134,G,G,D
8gvb,seq_n9,135,N,R,D
8gvb,seq_n9,136,K,D,D
8gvb,seq_n9,111,R,S,E
8gvb,seq_n9,112,D,K,E
8gvb,seq_n9,113,R,V,E
8gvb,seq_n9,133,V,A,E
8gvb,seq_n10,111,T,R,D
8gvb,seq_n10,112,G,G,D
8gvb,seq_n10,113,G,M,D
8gvb,seq_n10,134,G,G,D
8gvb,seq_n10,135,N,N,D
8gvb,seq_n10,136,K,K,D
8gvb,seq_n10,111,R,T,E
8gvb,seq_n10,112,D,D,E
8gvb,seq_n10,113,R,D,E
8gvb,seq_n10,133,V,T,E
